{
  "52":[
    2918,
    89.94688142563399,
    860001
  ],
  "16":[
    5508,
    47.65159767610748,
    860001
  ],
  "58":[
    8652,
    30.335760517799354,
    860001
  ],
  "62":[
    5805,
    45.213608957795,
    860001
  ],
  "14":[
    10806,
    24.288821025356285,
    860001
  ],
  "15":[
    4768,
    55.04718959731544,
    860001
  ],
  "17":[
    6587,
    39.845908607863976,
    860001
  ],
  "18":[
    9509,
    27.60174571458618,
    860001
  ],
  "19":[
    8147,
    32.21615318522156,
    860001
  ],
  "39":[
    24342,
    10.78239257250842,
    860001
  ],
  "57":[
    5779,
    45.41702716732999,
    860001
  ],
  "56":[
    38491,
    6.8188667480709775,
    860001
  ],
  "60":[
    15714,
    16.702621865852105,
    860001
  ],
  "1":[
    7113,
    36.8993392380149,
    860001
  ],
  "2":[
    43867,
    5.98319921581143,
    860001
  ],
  "3":[
    8725,
    30.081948424068766,
    860001
  ],
  "4":[
    5135,
    51.11295034079844,
    860001
  ],
  "5":[
    6069,
    43.246828143021915,
    860001
  ],
  "6":[
    4571,
    57.41960183767228,
    860001
  ],
  "8":[
    10759,
    24.394925178919973,
    860001
  ],
  "0":[
    262465,
    1.0,
    860001
  ],
  "11":[
    1983,
    132.35753908219868,
    860001
  ],
  "25":[
    11431,
    22.96080832823025,
    860001
  ],
  "27":[
    6496,
    40.404094827586206,
    860001
  ],
  "32":[
    6347,
    41.352607531117066,
    860001
  ],
  "48":[
    4373,
    60.01943745712325,
    860001
  ],
  "59":[
    4192,
    62.610925572519086,
    860001
  ],
  "67":[
    6434,
    40.79344109418713,
    860001
  ],
  "72":[
    2637,
    99.53166477057262,
    860001
  ],
  "74":[
    6334,
    41.43748026523524,
    860001
  ],
  "79":[
    1954,
    134.32190378710337,
    860001
  ],
  "7":[
    9973,
    26.317557404993483,
    860001
  ],
  "9":[
    12884,
    20.371390872399875,
    860001
  ],
  "10":[
    1865,
    140.7319034852547,
    860001
  ],
  "12":[
    1285,
    204.25291828793775,
    860001
  ],
  "13":[
    9838,
    26.678694856678188,
    860001
  ],
  "20":[
    5513,
    47.60838019227281,
    860001
  ],
  "23":[
    5131,
    51.15279672578445,
    860001
  ],
  "29":[
    2682,
    97.86167039522745,
    860001
  ],
  "30":[
    6646,
    39.49217574480891,
    860001
  ],
  "31":[
    2685,
    97.75232774674116,
    860001
  ],
  "33":[
    9076,
    28.918576465403262,
    860001
  ],
  "34":[
    3276,
    80.11752136752136,
    860001
  ],
  "35":[
    3747,
    70.04670402989058,
    860001
  ],
  "36":[
    5543,
    47.35071261049973,
    860001
  ],
  "37":[
    6126,
    42.84443356186745,
    860001
  ],
  "38":[
    4812,
    54.543848711554446,
    860001
  ],
  "40":[
    7913,
    33.168836092506005,
    860001
  ],
  "41":[
    20650,
    12.710169491525424,
    860001
  ],
  "42":[
    5479,
    47.90381456470159,
    860001
  ],
  "43":[
    7770,
    33.77927927927928,
    860001
  ],
  "44":[
    6165,
    42.57339821573398,
    860001
  ],
  "45":[
    14358,
    18.280052932163255,
    860001
  ],
  "46":[
    9458,
    27.750581518291394,
    860001
  ],
  "47":[
    5851,
    44.85814390702444,
    860001
  ],
  "49":[
    6399,
    41.016565088295046,
    860001
  ],
  "50":[
    7308,
    35.91475095785441,
    860001
  ],
  "51":[
    7852,
    33.42651553744269,
    860001
  ],
  "53":[
    5821,
    45.08933172994331,
    860001
  ],
  "54":[
    7179,
    36.56010586432651,
    860001
  ],
  "55":[
    6353,
    41.313552652290255,
    860001
  ],
  "61":[
    4157,
    63.138080346403655,
    860001
  ],
  "63":[
    4970,
    52.809859154929576,
    860001
  ],
  "64":[
    2262,
    116.03227232537577,
    860001
  ],
  "65":[
    5703,
    46.02226898123794,
    860001
  ],
  "66":[
    2855,
    91.93169877408056,
    860001
  ],
  "68":[
    1673,
    156.8828451882845,
    860001
  ],
  "69":[
    3334,
    78.72375524895021,
    860001
  ],
  "70":[
    225,
    1166.5111111111112,
    860001
  ],
  "71":[
    5610,
    46.78520499108735,
    860001
  ],
  "73":[
    24715,
    10.619664171555735,
    860001
  ],
  "75":[
    6613,
    39.68924845002268,
    860001
  ],
  "76":[
    1481,
    177.22147197839297,
    860001
  ],
  "77":[
    4793,
    54.76006676403088,
    860001
  ],
  "78":[
    198,
    1325.580808080808,
    860001
  ],
  "24":[
    8720,
    30.09919724770642,
    860001
  ],
  "26":[
    12354,
    21.245345637040636,
    860001
  ],
  "28":[
    6192,
    42.387758397932814,
    860001
  ],
  "22":[
    5303,
    49.49368282104469,
    860001
  ],
  "21":[
    1294,
    202.8323029366306,
    860001
  ]
}